{"type": "scene", "properties": {"baseExtent": {"cx": 204873.4930149967, "cy": 4724447.462233084, "width": 81842.55113383193, "height": 72338.25487312861, "rotation": 0.0}, "origin": {"x": 204873.4930149967, "y": 4724447.462233084, "z": 0.0}, "zScale": 3.0, "light": "point"}, "layers": [{"type": "layer", "id": 0, "properties": {"name": "Municipios Leon", "clickable": true, "visible": true, "type": "polygon", "objType": "Polygon"}, "data": {"materials": [{"type": 0, "c": 0, "flat": 1, "ds": 1}], "blocks": [{"url": "./data/Bierzo/a0.json", "featureCount": 38}]}}, {"type": "layer", "id": 1, "properties": {"name": "Combinado leon", "clickable": true, "visible": true, "type": "dem", "clipped": false, "mtlNames": ["map (canvas)"], "mtlIdx": 0}, "data": [{"type": "block", "layer": 1, "block": 0, "materials": [{"type": 0, "image": {"url": "./data/Bierzo/b0.png"}, "ds": 1, "mtlIndex": 0, "useNow": true}]}, {"type": "block", "layer": 1, "block": 0, "width": 81842.55113383193, "height": 72331.55153917764, "translate": [0.0, 0.0, 0], "zScale": 3.0, "grid": {"width": 214, "height": 189, "url": "./data/Bierzo/b0.bin"}}]}]}